user id,Permission Level,user name,Email,password,sign up date
1,2,Karen Archer,ztorres@hotmail.com,^8)IYuuM%7,2021-09-14
2,5,Samuel Summers PhD,katherinekeller@yahoo.com,$S0^w(QwY(,2020-03-07
3,3,Michael Payne,ebrown@hines-olson.info,D3#0FHncF),2020-12-12
4,3,Sharon Williams,parkerkelly@perez.info,)Pr$Y983k2,2020-01-04
5,3,Lisa Blanchard,deborah91@hotmail.com,l$e7XdY1pd,2022-02-26
6,5,Kristin Sullivan,hfrey@yahoo.com,*D7FOv1yw6,2020-11-08
7,1,Megan Howard,kara27@yahoo.com,$b4QSNpmUq,2022-08-29
8,3,Tabitha Prince,christopher56@chan-smith.com,*OUpAjjT3@,2024-12-06
9,2,Brenda Smith,jenna80@curry.com,jR#F2DhF!7,2021-11-18
10,5,Robert Morales,summer86@kim.com,t_0GJAms9R,2021-02-09
11,2,Kerry Hanna,murrayjustin@yahoo.com,K8pDQwdF^G,2023-02-01
12,3,Brandy Harris,tnavarro@carey.info,97e^EILx^u,2024-10-07
13,4,Brittany Flowers,qtyler@johnson.net,_4FCUTd#@i,2021-12-27
14,1,Mr. Joseph Jenkins DDS,stephanie27@gmail.com,5lbaoLrs*0,2025-04-17
15,1,Eugene Fisher,kterrell@miller.net,+WJb7Nwp$*,2022-10-01
16,4,Wanda Alvarez,alisonfox@clark.com,(qQL4cbuq4,2021-08-16
17,5,Michelle Vaughn,sawyerjoseph@gmail.com,w2KisdhY@(,2024-04-25
18,1,Adam Warren,davidknight@banks.com,m7m&RwKi#a,2021-02-13
19,4,Laura Mcknight,qlopez@burns.com,$tPIYuz(D0,2020-08-27
20,2,Christopher Allen,ambergarrett@yahoo.com,_7OFp)ZY8C,2020-10-26
21,3,Deborah Watkins,joseph21@velez.biz,ye%TQaNA*3,2023-12-19
22,1,Timothy Shaw,adean@ramsey.biz,K2X1D9KB(u,2020-07-06
23,2,Susan Ponce,fgutierrez@yahoo.com,$he2POblXc,2020-11-17
24,5,Dan Nguyen,davisronald@yahoo.com,NDK0Mo8Jr^,2024-10-27
25,4,Gary Allen,sandra42@simmons-adams.com,*Tvh1)Wjxk,2023-05-15
26,3,Tammy Hunter,alvaradosandra@mccoy.com,@@e6Olo0iY,2024-09-05
27,4,Jonathan Anderson,spencerunderwood@yahoo.com,6g3%vM_t@t,2023-09-19
28,4,Andrew Marshall,caitlin94@yahoo.com,_N9Rs&0iV%,2022-06-16
29,2,Natasha Vazquez,santosjennifer@ferguson.com,R3t5ihKd*9,2020-11-12
30,2,Michelle Mosley,maciascarolyn@gmail.com,5_9O!rc9#c,2024-07-11
31,4,Tammy Moore,esimpson@johnson.com,)H6ZCH0r)(,2025-05-29
32,4,Angela Coleman,jonessteven@hotmail.com,#YB$u!l84),2022-09-03
33,5,Cody French,fscott@yahoo.com,s#(0Z)U8Yk,2022-04-29
34,1,Barbara Carter,anthonyfox@hughes-foster.com,vlH3TtC8v$,2024-10-21
35,4,Bryan Brown,alexpatel@hotmail.com,*d_kc#I9^7,2024-08-28
36,4,Calvin Howell,brent60@gmail.com,#0KC^g^Asu,2024-07-01
37,2,Richard Marquez,nathanielchambers@brooks.com,rB#hGTc2%3,2024-05-30
38,3,Michael Johnson,michael59@yahoo.com,+gLaT@gk3U,2023-12-21
39,3,Maria Swanson DVM,foxeric@gmail.com,V^12EmxA%e,2023-07-08
40,4,John Sanchez,ilucero@ward-anderson.org,%837OhQzrj,2024-09-20
41,5,Denise Camacho,sergioblake@clements.com,(@7XBmqY*2,2021-03-08
42,4,Alicia Berg,jeremysellers@fisher-smith.biz,_ZiZUyc544,2022-08-27
43,2,Sara Bishop,michaelmoore@gmail.com,$2dAsbK46f,2022-09-06
44,2,Matthew Peck,frank74@yahoo.com,*ZKlfXfw8L,2021-07-14
45,2,Nancy Hendrix,kristenpaul@washington.com,8VrIHkGa(6,2021-04-27
46,1,Sierra Diaz,mfisher@hotmail.com,5g8QYb_n_3,2024-11-16
47,3,Ashley Williams,johnwatkins@wright.com,1OW+Oiz3^5,2023-05-06
48,5,Jade Moses,zwilliams@fields.net,&m5@JlvY#!,2024-08-03
49,4,Jennifer Nicholson,kristen47@yahoo.com,&*uWj^))86,2020-04-05
50,3,Ashlee Brown,vboyd@stewart-stevenson.biz,!SD4Cdm&*k,2022-07-30
51,4,Ashley Hopkins,odomchristine@hotmail.com,)7vMZCcV(+,2024-07-21
52,5,Kelsey Perez,sharon32@gmail.com,&&2esNc63f,2025-02-28
53,2,Lisa Long,aprilhale@hotmail.com,92P*mVun%Q,2021-08-07
54,5,Valerie Murray,hammondrachel@lopez.net,ce5O!sYn$6,2021-02-25
55,1,Shelby Fisher,ecobb@delacruz-galvan.biz,s!Qwuryg*1,2021-07-13
56,3,Jacqueline Knight DVM,fernandezamber@yahoo.com,&*YF$kiYk6,2021-07-07
57,4,Timothy Garcia,allenjonathan@yahoo.com,%v8Vjd*(xa,2021-10-28
58,1,Jorge Hall,john46@perry.com,#sJ96Awr%3,2021-05-19
59,3,Kirsten Morris,james83@mcbride.info,yw4!Q5FapO,2023-08-04
60,5,Zachary Mendoza,melissaromero@oliver.com,K_95DHkZCy,2020-05-16
61,1,Sarah Jarvis,agreen@pierce.com,(2w@tSGTid,2023-04-27
62,5,Angela Nelson,briancrane@hotmail.com,)%)z5LzYON,2024-03-11
63,3,Rodney Gomez,matthew07@robinson.biz,)TMvm6Nf_N,2022-11-20
64,1,Taylor Mercer,qbrooks@blankenship-davis.com,%t3WCT6lrX,2025-01-24
65,4,Dr. David Moore DDS,kristen72@yahoo.com,X$MEbrdw#0,2022-03-31
66,1,Mike Gaines,stephen00@hotmail.com,)$9X$yq52Y,2025-03-31
67,4,Daniel Moore,hmartinez@gmail.com,YL0T2lf%a),2023-02-20
68,3,Lisa Scott,tristanirwin@johnson.biz,M5gJFHZp@b,2020-09-04
69,1,Heather Kerr,johnwaller@reyes.com,sm8DNZGa&$,2023-03-10
70,1,Nathan Mcclure,benjaminjennings@yahoo.com,1STl2OjO@r,2022-10-02
71,2,Matthew Roberts,qklein@yahoo.com,@D9SRn&u+I,2022-01-26
72,5,Shawn Romero,sanchezwilliam@gmail.com,1J!64Sbd%A,2020-04-02
73,3,Christopher Vargas,deanna54@walker-burnett.com,0h23gAEpj@,2022-12-14
74,5,Jennifer Hampton,eric11@gmail.com,bwN2PMYj_(,2021-09-15
75,1,Hannah Mckee,hsmith@alexander-underwood.com,kfcs6Tfw)x,2024-01-31
76,1,Emily Torres,mooresarah@gmail.com,*YX6YSDc_+,2020-07-11
77,2,Jorge Sanders,fhaley@yahoo.com,g^5k2oRu+@,2020-05-18
78,2,Joseph Avila,katiemarks@yahoo.com,YU84MIct*0,2020-10-21
79,2,Tina Singh,hannahdavidson@yahoo.com,X$@5IZw9rt,2023-04-11
80,1,Christopher Turner,caitlin44@palmer.com,^$U!g0Sd*2,2020-12-18
81,4,Tony Curry MD,stanleytravis@baker.info,m7jyAN!p(4,2022-07-11
82,5,Sonia Francis,smithmatthew@hotmail.com,((5UI2aB#a,2020-05-14
83,5,Amy Guerrero,caroline21@gmail.com,P^C5oU9c&y,2021-06-08
84,3,Nathan Crawford,austinmunoz@marshall.biz,Fc5Ib2kf@a,2023-11-13
85,3,Jonathon Bradley,kimberly20@hotmail.com,FMOWblTr(0,2024-09-13
86,5,George Bright,norrisamy@yahoo.com,0ye6ZbMn4(,2020-11-12
87,3,Mary Tucker,delgadotyler@campbell-barber.biz,!9EtRGt+X3,2022-09-20
88,1,Mitchell Savage,amber88@velazquez.net,#jGSdHsG!9,2021-06-17
89,1,Courtney Little,rodriguezterry@hotmail.com,$*lqQUQcb4,2021-05-13
90,5,Billy Williams,john91@caldwell.org,rn0KHmo3!9,2022-07-29
91,2,Amanda Andrews,dknox@newman.com,g!5EV9qQ#B,2023-06-13
92,1,Shelley Carroll,andersondavid@lee-hansen.com,45Dy7N2p(7,2021-02-08
93,3,Morgan Vaughn,mary83@garcia.com,$+L#Z2Iiti,2022-07-12
94,2,Douglas Garrett,branchjulia@hotmail.com,1@a9Nng!g6,2020-11-04
95,5,Matthew Valentine,ihudson@hotmail.com,D@&9WTAeE@,2023-05-30
96,3,Stacy Spencer,brianna43@yahoo.com,JB+6B^fZS%,2023-07-31
97,2,Dylan Vasquez,matthew48@yahoo.com,0s^4WLcmCH,2024-06-11
98,1,Michael Cortez,sara44@franco.com,!#k3*CkM$9,2020-01-08
99,1,Alvin Harmon,michaelross@cox-jones.biz,@^&2TqfkOS,2024-09-23
100,4,Taylor Scott,zhamilton@alexander.biz,K1yVxn9q)%,2024-10-16
